MatchID,OldMatchday,NewMatchday,Date,Home,Away,SeasonID,BackupTimestamp
9009351,1,1,2021-08-07,Carlisle,Colchester,32,2026-05-27T18:00:25
9009352,1,1,2021-08-07,Exeter,Bradford,32,2026-05-27T18:00:25
9009361,1,1,2021-08-07,Stevenage,Barrow,32,2026-05-27T18:00:25
9009353,1,1,2021-08-07,Forest Green,Sutton,32,2026-05-27T18:00:25
9009354,1,1,2021-08-07,Harrogate,Rochdale,32,2026-05-27T18:00:25
9009355,1,1,2021-08-07,Hartlepool,Crawley Town,32,2026-05-27T18:00:25
9009356,1,1,2021-08-07,Mansfield,Bristol Rvs,32,2026-05-27T18:00:25
9009357,1,1,2021-08-07,Northampton,Port Vale,32,2026-05-27T18:00:25
9009358,1,1,2021-08-07,Oldham,Newport County,32,2026-05-27T18:00:25
9009359,1,1,2021-08-07,Salford,Leyton Orient,32,2026-05-27T18:00:25
9009360,1,1,2021-08-07,Scunthorpe,Swindon,32,2026-05-27T18:00:25
9009362,1,1,2021-08-07,Tranmere,Walsall,32,2026-05-27T18:00:25
9009363,2,2,2021-08-14,Barrow,Hartlepool,32,2026-05-27T18:00:25
9009370,2,2,2021-08-14,Rochdale,Scunthorpe,32,2026-05-27T18:00:25
9009364,2,2,2021-08-14,Bradford,Oldham,32,2026-05-27T18:00:25
9009365,2,2,2021-08-14,Bristol Rvs,Stevenage,32,2026-05-27T18:00:25
9009366,2,2,2021-08-14,Colchester,Northampton,32,2026-05-27T18:00:25
9009369,2,2,2021-08-14,Port Vale,Tranmere,32,2026-05-27T18:00:25
9009373,2,2,2021-08-14,Walsall,Forest Green,32,2026-05-27T18:00:25
9009367,2,2,2021-08-14,Leyton Orient,Exeter,32,2026-05-27T18:00:25
9009372,2,2,2021-08-14,Swindon,Carlisle,32,2026-05-27T18:00:25
9009445,10,2,2021-09-21,Crawley Town,Harrogate,32,2026-05-27T18:00:25
9009695,36,2,2022-02-08,Sutton,Salford,32,2026-05-27T18:00:25
9009716,39,2,2022-02-19,Newport County,Mansfield,32,2026-05-27T18:00:25
9009374,3,3,2021-08-17,Barrow,Exeter,32,2026-05-27T18:00:25
9009380,3,3,2021-08-17,Rochdale,Forest Green,32,2026-05-27T18:00:25
9009375,3,3,2021-08-17,Bradford,Stevenage,32,2026-05-27T18:00:25
9009376,3,3,2021-08-17,Bristol Rvs,Oldham,32,2026-05-27T18:00:25
9009377,3,3,2021-08-17,Colchester,Mansfield,32,2026-05-27T18:00:25
9009378,3,3,2021-08-17,Crawley Town,Salford,32,2026-05-27T18:00:25
9009379,3,3,2021-08-17,Port Vale,Carlisle,32,2026-05-27T18:00:25
9009382,3,3,2021-08-17,Walsall,Scunthorpe,32,2026-05-27T18:00:25
9009381,3,3,2021-08-17,Swindon,Tranmere,32,2026-05-27T18:00:25
9009395,5,3,2021-08-24,Leyton Orient,Harrogate,32,2026-05-27T18:00:25
9009431,9,3,2021-09-14,Newport County,Northampton,32,2026-05-27T18:00:25
9009432,8,3,2021-09-14,Sutton,Hartlepool,32,2026-05-27T18:00:25
9009383,4,4,2021-08-21,Carlisle,Leyton Orient,32,2026-05-27T18:00:25
9009384,4,4,2021-08-21,Exeter,Bristol Rvs,32,2026-05-27T18:00:25
9009393,4,4,2021-08-21,Stevenage,Port Vale,32,2026-05-27T18:00:25
9009385,4,4,2021-08-21,Forest Green,Crawley Town,32,2026-05-27T18:00:25
9009386,4,4,2021-08-21,Harrogate,Barrow,32,2026-05-27T18:00:25
9009387,4,4,2021-08-21,Hartlepool,Walsall,32,2026-05-27T18:00:25
9009388,4,4,2021-08-21,Mansfield,Bradford,32,2026-05-27T18:00:25
9009389,4,4,2021-08-21,Northampton,Rochdale,32,2026-05-27T18:00:25
9009390,4,4,2021-08-21,Oldham,Colchester,32,2026-05-27T18:00:25
9009391,4,4,2021-08-21,Salford,Swindon,32,2026-05-27T18:00:25
9009392,4,4,2021-08-21,Scunthorpe,Sutton,32,2026-05-27T18:00:25
9009394,4,4,2021-08-21,Tranmere,Newport County,32,2026-05-27T18:00:25
9009396,5,5,2021-08-27,Rochdale,Colchester,32,2026-05-27T18:00:25
9009397,5,5,2021-08-28,Barrow,Bristol Rvs,32,2026-05-27T18:00:25
9009398,5,5,2021-08-28,Crawley Town,Northampton,32,2026-05-27T18:00:25
9009407,5,5,2021-08-28,Walsall,Stevenage,32,2026-05-27T18:00:25
9009399,5,5,2021-08-28,Forest Green,Port Vale,32,2026-05-27T18:00:25
9009400,6,5,2021-08-28,Harrogate,Exeter,32,2026-05-27T18:00:25
9009401,5,5,2021-08-28,Hartlepool,Carlisle,32,2026-05-27T18:00:25
9009402,6,5,2021-08-28,Leyton Orient,Bradford,32,2026-05-27T18:00:25
9009403,5,5,2021-08-28,Salford,Newport County,32,2026-05-27T18:00:25
9009404,5,5,2021-08-28,Scunthorpe,Tranmere,32,2026-05-27T18:00:25
9009405,5,5,2021-08-28,Sutton,Oldham,32,2026-05-27T18:00:25
9009406,5,5,2021-08-28,Swindon,Mansfield,32,2026-05-27T18:00:25
9009408,7,6,2021-09-04,Bradford,Walsall,32,2026-05-27T18:00:25
9009409,6,6,2021-09-04,Bristol Rvs,Crawley Town,32,2026-05-27T18:00:25
9009410,6,6,2021-09-04,Carlisle,Salford,32,2026-05-27T18:00:25
9009411,7,6,2021-09-04,Exeter,Forest Green,32,2026-05-27T18:00:25
9009416,6,6,2021-09-04,Port Vale,Rochdale,32,2026-05-27T18:00:25
9009417,6,6,2021-09-04,Stevenage,Swindon,32,2026-05-27T18:00:25
9009412,7,6,2021-09-04,Mansfield,Harrogate,32,2026-05-27T18:00:25
9009413,7,6,2021-09-04,Newport County,Leyton Orient,32,2026-05-27T18:00:25
9009414,6,6,2021-09-04,Northampton,Scunthorpe,32,2026-05-27T18:00:25
9009415,6,6,2021-09-04,Oldham,Barrow,32,2026-05-27T18:00:25
9009418,6,6,2021-09-04,Tranmere,Hartlepool,32,2026-05-27T18:00:25
9009518,17,6,2021-10-26,Colchester,Sutton,32,2026-05-27T18:00:25
9009419,7,7,2021-09-10,Barrow,Colchester,32,2026-05-27T18:00:25
9009420,8,7,2021-09-10,Harrogate,Newport County,32,2026-05-27T18:00:25
9009425,7,7,2021-09-11,Rochdale,Tranmere,32,2026-05-27T18:00:25
9009421,7,7,2021-09-11,Crawley Town,Carlisle,32,2026-05-27T18:00:25
9009430,8,7,2021-09-11,Walsall,Mansfield,32,2026-05-27T18:00:25
9009422,8,7,2021-09-11,Forest Green,Northampton,32,2026-05-27T18:00:25
9009423,7,7,2021-09-11,Hartlepool,Bristol Rvs,32,2026-05-27T18:00:25
9009424,8,7,2021-09-11,Leyton Orient,Oldham,32,2026-05-27T18:00:25
9009426,8,7,2021-09-11,Salford,Bradford,32,2026-05-27T18:00:25
9009427,8,7,2021-09-11,Scunthorpe,Exeter,32,2026-05-27T18:00:25
9009428,7,7,2021-09-11,Sutton,Stevenage,32,2026-05-27T18:00:25
9009429,7,7,2021-09-11,Swindon,Port Vale,32,2026-05-27T18:00:25
9009434,9,8,2021-09-18,Bradford,Barrow,32,2026-05-27T18:00:25
9009435,9,8,2021-09-18,Bristol Rvs,Leyton Orient,32,2026-05-27T18:00:25
9009436,9,8,2021-09-18,Carlisle,Scunthorpe,32,2026-05-27T18:00:25
9009437,8,8,2021-09-18,Colchester,Crawley Town,32,2026-05-27T18:00:25
9009438,9,8,2021-09-18,Exeter,Sutton,32,2026-05-27T18:00:25
9009442,9,8,2021-09-18,Port Vale,Harrogate,32,2026-05-27T18:00:25
9009443,9,8,2021-09-18,Stevenage,Forest Green,32,2026-05-27T18:00:25
9009439,9,8,2021-09-18,Mansfield,Rochdale,32,2026-05-27T18:00:25
9009440,10,8,2021-09-18,Newport County,Walsall,32,2026-05-27T18:00:25
9009433,10,8,2021-09-18,Northampton,Swindon,32,2026-05-27T18:00:25
9009441,9,8,2021-09-18,Oldham,Hartlepool,32,2026-05-27T18:00:25
9009444,9,8,2021-09-18,Tranmere,Salford,32,2026-05-27T18:00:25
9009446,11,9,2021-09-24,Barrow,Newport County,32,2026-05-27T18:00:25
9009452,10,9,2021-09-25,Rochdale,Oldham,32,2026-05-27T18:00:25
9009447,11,9,2021-09-25,Crawley Town,Bradford,32,2026-05-27T18:00:25
9009457,11,9,2021-09-25,Walsall,Bristol Rvs,32,2026-05-27T18:00:25
9009448,10,9,2021-09-25,Forest Green,Tranmere,32,2026-05-27T18:00:25
9009449,11,9,2021-09-25,Harrogate,Stevenage,32,2026-05-27T18:00:25
9009450,10,9,2021-09-25,Hartlepool,Exeter,32,2026-05-27T18:00:25
9009451,10,9,2021-09-25,Leyton Orient,Mansfield,32,2026-05-27T18:00:25
9009453,11,9,2021-09-25,Salford,Northampton,32,2026-05-27T18:00:25
9009454,10,9,2021-09-25,Scunthorpe,Port Vale,32,2026-05-27T18:00:25
9009455,10,9,2021-09-25,Sutton,Carlisle,32,2026-05-27T18:00:25
9009456,11,9,2021-09-25,Swindon,Colchester,32,2026-05-27T18:00:25
9009458,12,10,2021-10-02,Bradford,Rochdale,32,2026-05-27T18:00:25
9009459,12,10,2021-10-02,Bristol Rvs,Swindon,32,2026-05-27T18:00:25
9009460,11,10,2021-10-02,Carlisle,Forest Green,32,2026-05-27T18:00:25
9009461,12,10,2021-10-02,Colchester,Salford,32,2026-05-27T18:00:25
9009462,12,10,2021-10-02,Exeter,Walsall,32,2026-05-27T18:00:25
9009467,11,10,2021-10-02,Port Vale,Leyton Orient,32,2026-05-27T18:00:25
9009468,12,10,2021-10-02,Stevenage,Hartlepool,32,2026-05-27T18:00:25
9009463,12,10,2021-10-02,Mansfield,Barrow,32,2026-05-27T18:00:25
9009464,12,10,2021-10-02,Newport County,Scunthorpe,32,2026-05-27T18:00:25
9009465,12,10,2021-10-02,Northampton,Sutton,32,2026-05-27T18:00:25
9009466,12,10,2021-10-02,Oldham,Harrogate,32,2026-05-27T18:00:25
9009469,12,10,2021-10-02,Tranmere,Crawley Town,32,2026-05-27T18:00:25
9009470,13,11,2021-10-08,Tranmere,Colchester,32,2026-05-27T18:00:25
9009472,13,11,2021-10-09,Barrow,Leyton Orient,32,2026-05-27T18:00:25
9009478,13,11,2021-10-09,Rochdale,Crawley Town,32,2026-05-27T18:00:25
9009473,13,11,2021-10-09,Bristol Rvs,Carlisle,32,2026-05-27T18:00:25
9009479,13,11,2021-10-09,Stevenage,Exeter,32,2026-05-27T18:00:25
9009481,13,11,2021-10-09,Walsall,Salford,32,2026-05-27T18:00:25
9009471,13,11,2021-10-09,Forest Green,Swindon,32,2026-05-27T18:00:25
9009474,13,11,2021-10-09,Harrogate,Scunthorpe,32,2026-05-27T18:00:25
9009475,13,11,2021-10-09,Hartlepool,Northampton,32,2026-05-27T18:00:25
9009476,13,11,2021-10-09,Mansfield,Oldham,32,2026-05-27T18:00:25
9009477,13,11,2021-10-09,Newport County,Bradford,32,2026-05-27T18:00:25
9009480,13,11,2021-10-09,Sutton,Port Vale,32,2026-05-27T18:00:25
9009482,14,12,2021-10-16,Bradford,Bristol Rvs,32,2026-05-27T18:00:25
9009483,14,12,2021-10-16,Carlisle,Tranmere,32,2026-05-27T18:00:25
9009484,14,12,2021-10-16,Colchester,Harrogate,32,2026-05-27T18:00:25
9009485,14,12,2021-10-16,Crawley Town,Sutton,32,2026-05-27T18:00:25
9009486,14,12,2021-10-16,Exeter,Newport County,32,2026-05-27T18:00:25
9009490,14,12,2021-10-16,Port Vale,Barrow,32,2026-05-27T18:00:25
9009487,14,12,2021-10-16,Leyton Orient,Walsall,32,2026-05-27T18:00:25
9009488,14,12,2021-10-16,Northampton,Mansfield,32,2026-05-27T18:00:25
9009489,14,12,2021-10-16,Oldham,Stevenage,32,2026-05-27T18:00:25
9009491,14,12,2021-10-16,Salford,Hartlepool,32,2026-05-27T18:00:25
9009492,14,12,2021-10-16,Scunthorpe,Forest Green,32,2026-05-27T18:00:25
9009493,14,12,2021-10-16,Swindon,Rochdale,32,2026-05-27T18:00:25
9009494,15,13,2021-10-19,Barrow,Scunthorpe,32,2026-05-27T18:00:25
9009495,15,13,2021-10-19,Bradford,Hartlepool,32,2026-05-27T18:00:25
9009496,15,13,2021-10-19,Colchester,Bristol Rvs,32,2026-05-27T18:00:25
9009497,15,13,2021-10-19,Crawley Town,Exeter,32,2026-05-27T18:00:25
9009498,15,13,2021-10-19,Harrogate,Tranmere,32,2026-05-27T18:00:25
9009499,15,13,2021-10-19,Leyton Orient,Forest Green,32,2026-05-27T18:00:25
9009500,15,13,2021-10-19,Mansfield,Port Vale,32,2026-05-27T18:00:25
9009501,15,13,2021-10-19,Newport County,Carlisle,32,2026-05-27T18:00:25
9009502,15,13,2021-10-19,Northampton,Stevenage,32,2026-05-27T18:00:25
9009503,15,13,2021-10-19,Oldham,Walsall,32,2026-05-27T18:00:25
9009504,15,13,2021-10-19,Salford,Rochdale,32,2026-05-27T18:00:25
9009505,15,13,2021-10-19,Sutton,Swindon,32,2026-05-27T18:00:25
9009512,16,14,2021-10-23,Rochdale,Sutton,32,2026-05-27T18:00:25
9009506,16,14,2021-10-23,Bristol Rvs,Newport County,32,2026-05-27T18:00:25
9009507,16,14,2021-10-23,Carlisle,Oldham,32,2026-05-27T18:00:25
9009508,16,14,2021-10-23,Exeter,Mansfield,32,2026-05-27T18:00:25
9009511,16,14,2021-10-23,Port Vale,Colchester,32,2026-05-27T18:00:25
9009514,16,14,2021-10-23,Stevenage,Leyton Orient,32,2026-05-27T18:00:25
9009517,16,14,2021-10-23,Walsall,Barrow,32,2026-05-27T18:00:25
9009509,16,14,2021-10-23,Forest Green,Salford,32,2026-05-27T18:00:25
9009510,16,14,2021-10-23,Hartlepool,Harrogate,32,2026-05-27T18:00:25
9009513,16,14,2021-10-23,Scunthorpe,Crawley Town,32,2026-05-27T18:00:25
9009515,16,14,2021-10-23,Swindon,Bradford,32,2026-05-27T18:00:25
9009516,16,14,2021-10-23,Tranmere,Northampton,32,2026-05-27T18:00:25
9009530,17,15,2021-10-30,Barrow,Rochdale,32,2026-05-27T18:00:25
9009520,17,15,2021-10-30,Bradford,Forest Green,32,2026-05-27T18:00:25
9009521,18,15,2021-10-30,Colchester,Scunthorpe,32,2026-05-27T18:00:25
9009522,17,15,2021-10-30,Crawley Town,Port Vale,32,2026-05-27T18:00:25
9009523,17,15,2021-10-30,Harrogate,Bristol Rvs,32,2026-05-27T18:00:25
9009524,17,15,2021-10-30,Leyton Orient,Hartlepool,32,2026-05-27T18:00:25
9009525,17,15,2021-10-30,Mansfield,Tranmere,32,2026-05-27T18:00:25
9009526,17,15,2021-10-30,Newport County,Stevenage,32,2026-05-27T18:00:25
9009519,17,15,2021-10-30,Northampton,Carlisle,32,2026-05-27T18:00:25
9009527,17,15,2021-10-30,Oldham,Swindon,32,2026-05-27T18:00:25
9009528,17,15,2021-10-30,Salford,Exeter,32,2026-05-27T18:00:25
9009529,18,15,2021-10-30,Sutton,Walsall,32,2026-05-27T18:00:25
9009531,18,16,2021-11-12,Hartlepool,Newport County,32,2026-05-27T18:00:25
9009536,18,16,2021-11-13,Rochdale,Leyton Orient,32,2026-05-27T18:00:25
9009534,18,16,2021-11-13,Bristol Rvs,Northampton,32,2026-05-27T18:00:25
9009533,18,16,2021-11-13,Carlisle,Barrow,32,2026-05-27T18:00:25
9009535,18,16,2021-11-13,Exeter,Oldham,32,2026-05-27T18:00:25
9009532,18,16,2021-11-13,Port Vale,Bradford,32,2026-05-27T18:00:25
9009538,18,16,2021-11-13,Stevenage,Mansfield,32,2026-05-27T18:00:25
9009540,19,16,2021-11-13,Walsall,Harrogate,32,2026-05-27T18:00:25
9009537,19,16,2021-11-13,Scunthorpe,Salford,32,2026-05-27T18:00:25
9009539,19,16,2021-11-13,Tranmere,Sutton,32,2026-05-27T18:00:25
9009623,29,16,2022-01-11,Forest Green,Colchester,32,2026-05-27T18:00:25
9009674,34,16,2022-02-01,Swindon,Crawley Town,32,2026-05-27T18:00:25
9009541,19,17,2021-11-20,Barrow,Crawley Town,32,2026-05-27T18:00:25
9009542,19,17,2021-11-20,Bradford,Northampton,32,2026-05-27T18:00:25
9009543,20,17,2021-11-20,Bristol Rvs,Tranmere,32,2026-05-27T18:00:25
9009544,19,17,2021-11-20,Exeter,Carlisle,32,2026-05-27T18:00:25
9009551,19,17,2021-11-20,Stevenage,Colchester,32,2026-05-27T18:00:25
9009552,20,17,2021-11-20,Walsall,Rochdale,32,2026-05-27T18:00:25
9009545,20,17,2021-11-20,Harrogate,Salford,32,2026-05-27T18:00:25
9009546,19,17,2021-11-20,Hartlepool,Forest Green,32,2026-05-27T18:00:25
9009547,20,17,2021-11-20,Leyton Orient,Sutton,32,2026-05-27T18:00:25
9009548,20,17,2021-11-20,Mansfield,Scunthorpe,32,2026-05-27T18:00:25
9009549,19,17,2021-11-20,Newport County,Swindon,32,2026-05-27T18:00:25
9009550,19,17,2021-11-20,Oldham,Port Vale,32,2026-05-27T18:00:25
9009559,21,18,2021-11-23,Rochdale,Stevenage,32,2026-05-27T18:00:25
9009553,21,18,2021-11-23,Carlisle,Harrogate,32,2026-05-27T18:00:25
9009554,20,18,2021-11-23,Colchester,Exeter,32,2026-05-27T18:00:25
9009555,20,18,2021-11-23,Crawley Town,Newport County,32,2026-05-27T18:00:25
9009558,21,18,2021-11-23,Port Vale,Walsall,32,2026-05-27T18:00:25
9009556,20,18,2021-11-23,Forest Green,Barrow,32,2026-05-27T18:00:25
9009557,20,18,2021-11-23,Northampton,Oldham,32,2026-05-27T18:00:25
9009560,21,18,2021-11-23,Salford,Bristol Rvs,32,2026-05-27T18:00:25
9009561,21,18,2021-11-23,Scunthorpe,Leyton Orient,32,2026-05-27T18:00:25
9009562,21,18,2021-11-23,Sutton,Mansfield,32,2026-05-27T18:00:25
9009563,20,18,2021-11-23,Swindon,Hartlepool,32,2026-05-27T18:00:25
9009564,21,18,2021-11-23,Tranmere,Bradford,32,2026-05-27T18:00:25
9009565,21,19,2021-11-26,Colchester,Newport County,32,2026-05-27T18:00:25
9009571,22,19,2021-11-27,Rochdale,Exeter,32,2026-05-27T18:00:25
9009566,22,19,2021-11-27,Carlisle,Walsall,32,2026-05-27T18:00:25
9009567,22,19,2021-11-27,Crawley Town,Mansfield,32,2026-05-27T18:00:25
9009570,22,19,2021-11-27,Port Vale,Hartlepool,32,2026-05-27T18:00:25
9009568,22,19,2021-11-27,Forest Green,Bristol Rvs,32,2026-05-27T18:00:25
9009569,22,19,2021-11-27,Northampton,Leyton Orient,32,2026-05-27T18:00:25
9009572,22,19,2021-11-27,Salford,Oldham,32,2026-05-27T18:00:25
9009573,22,19,2021-11-27,Scunthorpe,Bradford,32,2026-05-27T18:00:25
9009574,22,19,2021-11-27,Sutton,Barrow,32,2026-05-27T18:00:25
9009575,22,19,2021-11-27,Swindon,Harrogate,32,2026-05-27T18:00:25
9009675,34,19,2022-02-01,Tranmere,Stevenage,32,2026-05-27T18:00:25
9009576,23,20,2021-12-07,Bristol Rvs,Port Vale,32,2026-05-27T18:00:25
9009577,23,20,2021-12-07,Exeter,Northampton,32,2026-05-27T18:00:25
9009583,23,20,2021-12-07,Stevenage,Scunthorpe,32,2026-05-27T18:00:25
9009584,23,20,2021-12-07,Walsall,Crawley Town,32,2026-05-27T18:00:25
9009578,23,20,2021-12-07,Harrogate,Forest Green,32,2026-05-27T18:00:25
9009579,23,20,2021-12-07,Leyton Orient,Swindon,32,2026-05-27T18:00:25
9009580,23,20,2021-12-07,Mansfield,Carlisle,32,2026-05-27T18:00:25
9009581,23,20,2021-12-07,Newport County,Sutton,32,2026-05-27T18:00:25
9009582,23,20,2021-12-07,Oldham,Tranmere,32,2026-05-27T18:00:25
9009585,23,20,2021-12-08,Bradford,Colchester,32,2026-05-27T18:00:25
9009586,23,20,2021-12-08,Hartlepool,Rochdale,32,2026-05-27T18:00:25
9009652,33,20,2022-01-25,Barrow,Salford,32,2026-05-27T18:00:25
9009587,24,21,2021-12-11,Barrow,Swindon,32,2026-05-27T18:00:25
9009588,24,21,2021-12-11,Bradford,Sutton,32,2026-05-27T18:00:25
9009589,24,21,2021-12-11,Bristol Rvs,Rochdale,32,2026-05-27T18:00:25
9009590,24,21,2021-12-11,Exeter,Tranmere,32,2026-05-27T18:00:25
9009597,24,21,2021-12-11,Stevenage,Carlisle,32,2026-05-27T18:00:25
9009598,24,21,2021-12-11,Walsall,Colchester,32,2026-05-27T18:00:25
9009591,24,21,2021-12-11,Harrogate,Northampton,32,2026-05-27T18:00:25
9009592,24,21,2021-12-11,Hartlepool,Scunthorpe,32,2026-05-27T18:00:25
9009593,24,21,2021-12-11,Leyton Orient,Crawley Town,32,2026-05-27T18:00:25
9009594,24,21,2021-12-11,Mansfield,Salford,32,2026-05-27T18:00:25
9009595,24,21,2021-12-11,Newport County,Port Vale,32,2026-05-27T18:00:25
9009596,24,21,2021-12-11,Oldham,Forest Green,32,2026-05-27T18:00:25
9009599,25,22,2021-12-18,Rochdale,Newport County,32,2026-05-27T18:00:25
9009600,25,22,2021-12-18,Salford,Stevenage,32,2026-05-27T18:00:25
9009601,25,22,2021-12-18,Sutton,Harrogate,32,2026-05-27T18:00:25
9009602,25,22,2021-12-18,Tranmere,Leyton Orient,32,2026-05-27T18:00:25
9009617,29,22,2022-01-08,Carlisle,Bradford,32,2026-05-27T18:00:25
9009654,31,22,2022-01-25,Scunthorpe,Bristol Rvs,32,2026-05-27T18:00:25
9009671,35,22,2022-02-01,Northampton,Barrow,32,2026-05-27T18:00:25
9009722,41,22,2022-02-22,Colchester,Hartlepool,32,2026-05-27T18:00:25
9009726,40,22,2022-02-22,Swindon,Walsall,32,2026-05-27T18:00:25
9009742,43,22,2022-03-01,Crawley Town,Oldham,32,2026-05-27T18:00:25
9009797,49,22,2022-03-22,Port Vale,Exeter,32,2026-05-27T18:00:25
9009825,53,22,2022-04-05,Forest Green,Mansfield,32,2026-05-27T18:00:25
9009603,25,23,2021-12-26,Mansfield,Hartlepool,32,2026-05-27T18:00:25
9009604,25,23,2021-12-26,Oldham,Scunthorpe,32,2026-05-27T18:00:25
9009605,26,23,2021-12-26,Tranmere,Barrow,32,2026-05-27T18:00:25
9009637,31,23,2022-01-18,Port Vale,Salford,32,2026-05-27T18:00:25
9009638,31,23,2022-01-18,Stevenage,Crawley Town,32,2026-05-27T18:00:25
9009709,39,23,2022-02-15,Bristol Rvs,Sutton,32,2026-05-27T18:00:25
9009721,40,23,2022-02-22,Bradford,Harrogate,32,2026-05-27T18:00:25
9009740,43,23,2022-03-01,Carlisle,Rochdale,32,2026-05-27T18:00:25
9009741,43,23,2022-03-01,Colchester,Leyton Orient,32,2026-05-27T18:00:25
9009744,42,23,2022-03-01,Newport County,Forest Green,32,2026-05-27T18:00:25
9009745,43,23,2022-03-01,Northampton,Walsall,32,2026-05-27T18:00:25
9009759,44,23,2022-03-08,Exeter,Swindon,32,2026-05-27T18:00:25
9009606,27,24,2021-12-29,Barrow,Oldham,32,2026-05-27T18:00:25
9009607,26,24,2021-12-29,Swindon,Stevenage,32,2026-05-27T18:00:25
9009616,28,24,2022-01-04,Forest Green,Exeter,32,2026-05-27T18:00:25
9009639,31,24,2022-01-18,Sutton,Colchester,32,2026-05-27T18:00:25
9009655,32,24,2022-01-25,Walsall,Bradford,32,2026-05-27T18:00:25
9009653,33,24,2022-01-25,Leyton Orient,Newport County,32,2026-05-27T18:00:25
9009670,35,24,2022-02-01,Harrogate,Mansfield,32,2026-05-27T18:00:25
9009673,35,24,2022-02-01,Salford,Carlisle,32,2026-05-27T18:00:25
9009711,39,24,2022-02-15,Hartlepool,Tranmere,32,2026-05-27T18:00:25
9009724,41,24,2022-02-22,Rochdale,Port Vale,32,2026-05-27T18:00:25
9009725,40,24,2022-02-22,Scunthorpe,Northampton,32,2026-05-27T18:00:25
9009758,45,24,2022-03-08,Crawley Town,Bristol Rvs,32,2026-05-27T18:00:25
9009608,28,25,2022-01-01,Barrow,Bradford,32,2026-05-27T18:00:25
9009609,25,25,2022-01-01,Crawley Town,Colchester,32,2026-05-27T18:00:25
9009615,26,25,2022-01-01,Walsall,Newport County,32,2026-05-27T18:00:25
9009610,27,25,2022-01-01,Forest Green,Stevenage,32,2026-05-27T18:00:25
9009611,28,25,2022-01-01,Hartlepool,Oldham,32,2026-05-27T18:00:25
9009612,26,25,2022-01-01,Scunthorpe,Carlisle,32,2026-05-27T18:00:25
9009613,26,25,2022-01-01,Sutton,Exeter,32,2026-05-27T18:00:25
9009614,27,25,2022-01-01,Swindon,Northampton,32,2026-05-27T18:00:25
9009624,28,25,2022-01-11,Salford,Tranmere,32,2026-05-27T18:00:25
9009723,41,25,2022-02-22,Leyton Orient,Bristol Rvs,32,2026-05-27T18:00:25
9009743,43,25,2022-03-01,Harrogate,Port Vale,32,2026-05-27T18:00:25
9009798,48,25,2022-03-22,Rochdale,Mansfield,32,2026-05-27T18:00:25
9009620,28,26,2022-01-08,Stevenage,Walsall,32,2026-05-27T18:00:25
9009618,27,26,2022-01-08,Newport County,Salford,32,2026-05-27T18:00:25
9009619,28,26,2022-01-08,Northampton,Crawley Town,32,2026-05-27T18:00:25
9009621,27,26,2022-01-08,Tranmere,Scunthorpe,32,2026-05-27T18:00:25
9009622,28,26,2022-01-11,Mansfield,Swindon,32,2026-05-27T18:00:25
9009636,31,26,2022-01-18,Carlisle,Hartlepool,32,2026-05-27T18:00:25
9009668,35,26,2022-02-01,Bradford,Leyton Orient,32,2026-05-27T18:00:25
9009669,34,26,2022-02-01,Colchester,Rochdale,32,2026-05-27T18:00:25
9009672,34,26,2022-02-01,Port Vale,Forest Green,32,2026-05-27T18:00:25
9009710,39,26,2022-02-15,Exeter,Harrogate,32,2026-05-27T18:00:25
9009739,43,26,2022-03-01,Bristol Rvs,Barrow,32,2026-05-27T18:00:25
9009796,49,26,2022-03-22,Oldham,Sutton,32,2026-05-27T18:00:25
9009626,30,27,2022-01-15,Bradford,Salford,32,2026-05-27T18:00:25
9009627,29,27,2022-01-15,Bristol Rvs,Hartlepool,32,2026-05-27T18:00:25
9009628,30,27,2022-01-15,Carlisle,Crawley Town,32,2026-05-27T18:00:25
9009629,30,27,2022-01-15,Colchester,Barrow,32,2026-05-27T18:00:25
9009630,29,27,2022-01-15,Exeter,Scunthorpe,32,2026-05-27T18:00:25
9009633,29,27,2022-01-15,Port Vale,Swindon,32,2026-05-27T18:00:25
9009634,29,27,2022-01-15,Stevenage,Sutton,32,2026-05-27T18:00:25
9009631,29,27,2022-01-15,Mansfield,Walsall,32,2026-05-27T18:00:25
9009625,28,27,2022-01-15,Newport County,Harrogate,32,2026-05-27T18:00:25
9009632,30,27,2022-01-15,Northampton,Forest Green,32,2026-05-27T18:00:25
9009635,29,27,2022-01-15,Tranmere,Rochdale,32,2026-05-27T18:00:25
9009811,51,27,2022-03-29,Oldham,Leyton Orient,32,2026-05-27T18:00:25
9009641,31,28,2022-01-22,Barrow,Mansfield,32,2026-05-27T18:00:25
9009647,31,28,2022-01-22,Rochdale,Bradford,32,2026-05-27T18:00:25
9009642,32,28,2022-01-22,Crawley Town,Tranmere,32,2026-05-27T18:00:25
9009651,30,28,2022-01-22,Walsall,Exeter,32,2026-05-27T18:00:25
9009643,32,28,2022-01-22,Forest Green,Carlisle,32,2026-05-27T18:00:25
9009644,29,28,2022-01-22,Harrogate,Oldham,32,2026-05-27T18:00:25
9009645,32,28,2022-01-22,Hartlepool,Stevenage,32,2026-05-27T18:00:25
9009646,32,28,2022-01-22,Leyton Orient,Port Vale,32,2026-05-27T18:00:25
9009648,32,28,2022-01-22,Salford,Colchester,32,2026-05-27T18:00:25
9009649,30,28,2022-01-22,Scunthorpe,Newport County,32,2026-05-27T18:00:25
9009650,32,28,2022-01-22,Sutton,Northampton,32,2026-05-27T18:00:25
9009640,30,28,2022-01-22,Swindon,Bristol Rvs,32,2026-05-27T18:00:25
9009656,33,29,2022-01-29,Bradford,Crawley Town,32,2026-05-27T18:00:25
9009657,33,29,2022-01-29,Bristol Rvs,Walsall,32,2026-05-27T18:00:25
9009658,33,29,2022-01-29,Carlisle,Sutton,32,2026-05-27T18:00:25
9009659,33,29,2022-01-29,Colchester,Swindon,32,2026-05-27T18:00:25
9009660,33,29,2022-01-29,Exeter,Hartlepool,32,2026-05-27T18:00:25
9009665,33,29,2022-01-29,Port Vale,Scunthorpe,32,2026-05-27T18:00:25
9009666,33,29,2022-01-29,Stevenage,Harrogate,32,2026-05-27T18:00:25
9009661,34,29,2022-01-29,Mansfield,Leyton Orient,32,2026-05-27T18:00:25
9009662,34,29,2022-01-29,Newport County,Barrow,32,2026-05-27T18:00:25
9009663,34,29,2022-01-29,Northampton,Salford,32,2026-05-27T18:00:25
9009664,32,29,2022-01-29,Oldham,Rochdale,32,2026-05-27T18:00:25
9009667,33,29,2022-01-29,Tranmere,Forest Green,32,2026-05-27T18:00:25
9009677,36,30,2022-02-05,Barrow,Tranmere,32,2026-05-27T18:00:25
9009678,35,30,2022-02-05,Crawley Town,Stevenage,32,2026-05-27T18:00:25
9009684,36,30,2022-02-05,Walsall,Northampton,32,2026-05-27T18:00:25
9009679,35,30,2022-02-05,Forest Green,Newport County,32,2026-05-27T18:00:25
9009676,36,30,2022-02-05,Harrogate,Bradford,32,2026-05-27T18:00:25
9009680,36,30,2022-02-05,Leyton Orient,Colchester,32,2026-05-27T18:00:25
9009681,34,30,2022-02-05,Scunthorpe,Oldham,32,2026-05-27T18:00:25
9009682,34,30,2022-02-05,Sutton,Bristol Rvs,32,2026-05-27T18:00:25
9009683,35,30,2022-02-05,Swindon,Exeter,32,2026-05-27T18:00:25
9009812,50,30,2022-03-29,Rochdale,Carlisle,32,2026-05-27T18:00:25
9009810,51,30,2022-03-29,Hartlepool,Mansfield,32,2026-05-27T18:00:25
9009826,53,30,2022-04-05,Salford,Port Vale,32,2026-05-27T18:00:25
9009371,2,31,2021-08-14,Salford,Sutton,32,2026-05-27T18:00:25
9009685,36,31,2022-02-08,Carlisle,Port Vale,32,2026-05-27T18:00:25
9009686,37,31,2022-02-08,Exeter,Leyton Orient,32,2026-05-27T18:00:25
9009694,37,31,2022-02-08,Stevenage,Bradford,32,2026-05-27T18:00:25
9009687,36,31,2022-02-08,Forest Green,Rochdale,32,2026-05-27T18:00:25
9009688,37,31,2022-02-08,Harrogate,Crawley Town,32,2026-05-27T18:00:25
9009689,37,31,2022-02-08,Hartlepool,Barrow,32,2026-05-27T18:00:25
9009690,37,31,2022-02-08,Mansfield,Colchester,32,2026-05-27T18:00:25
9009691,37,31,2022-02-08,Northampton,Newport County,32,2026-05-27T18:00:25
9009692,35,31,2022-02-08,Oldham,Bristol Rvs,32,2026-05-27T18:00:25
9009693,37,31,2022-02-08,Scunthorpe,Walsall,32,2026-05-27T18:00:25
9009696,37,31,2022-02-08,Tranmere,Swindon,32,2026-05-27T18:00:25
9009697,38,32,2022-02-12,Barrow,Stevenage,32,2026-05-27T18:00:25
9009705,38,32,2022-02-12,Rochdale,Harrogate,32,2026-05-27T18:00:25
9009698,38,32,2022-02-12,Bradford,Exeter,32,2026-05-27T18:00:25
9009699,38,32,2022-02-12,Bristol Rvs,Mansfield,32,2026-05-27T18:00:25
9009700,38,32,2022-02-12,Colchester,Carlisle,32,2026-05-27T18:00:25
9009701,38,32,2022-02-12,Crawley Town,Hartlepool,32,2026-05-27T18:00:25
9009704,38,32,2022-02-12,Port Vale,Northampton,32,2026-05-27T18:00:25
9009708,38,32,2022-02-12,Walsall,Tranmere,32,2026-05-27T18:00:25
9009702,38,32,2022-02-12,Leyton Orient,Salford,32,2026-05-27T18:00:25
9009703,38,32,2022-02-12,Newport County,Oldham,32,2026-05-27T18:00:25
9009706,37,32,2022-02-12,Sutton,Forest Green,32,2026-05-27T18:00:25
9009707,38,32,2022-02-12,Swindon,Scunthorpe,32,2026-05-27T18:00:25
9009368,2,33,2021-08-14,Mansfield,Newport County,32,2026-05-27T18:00:25
9009713,39,33,2022-02-19,Carlisle,Swindon,32,2026-05-27T18:00:25
9009719,40,33,2022-02-19,Stevenage,Bristol Rvs,32,2026-05-27T18:00:25
9009714,39,33,2022-02-19,Forest Green,Walsall,32,2026-05-27T18:00:25
9009715,40,33,2022-02-19,Hartlepool,Sutton,32,2026-05-27T18:00:25
9009712,39,33,2022-02-19,Northampton,Colchester,32,2026-05-27T18:00:25
9009717,39,33,2022-02-19,Oldham,Bradford,32,2026-05-27T18:00:25
9009718,39,33,2022-02-19,Scunthorpe,Rochdale,32,2026-05-27T18:00:25
9009720,40,33,2022-02-19,Tranmere,Port Vale,32,2026-05-27T18:00:25
9009795,49,33,2022-03-22,Harrogate,Leyton Orient,32,2026-05-27T18:00:25
9009813,50,33,2022-03-29,Salford,Crawley Town,32,2026-05-27T18:00:25
9009875,58,33,2022-04-26,Exeter,Barrow,32,2026-05-27T18:00:25
9009727,41,34,2022-02-26,Barrow,Harrogate,32,2026-05-27T18:00:25
9009735,42,34,2022-02-26,Rochdale,Northampton,32,2026-05-27T18:00:25
9009728,41,34,2022-02-26,Bradford,Mansfield,32,2026-05-27T18:00:25
9009729,42,34,2022-02-26,Bristol Rvs,Exeter,32,2026-05-27T18:00:25
9009730,42,34,2022-02-26,Colchester,Oldham,32,2026-05-27T18:00:25
9009731,40,34,2022-02-26,Crawley Town,Forest Green,32,2026-05-27T18:00:25
9009734,42,34,2022-02-26,Port Vale,Stevenage,32,2026-05-27T18:00:25
9009738,42,34,2022-02-26,Walsall,Hartlepool,32,2026-05-27T18:00:25
9009732,42,34,2022-02-26,Leyton Orient,Carlisle,32,2026-05-27T18:00:25
9009733,41,34,2022-02-26,Newport County,Tranmere,32,2026-05-27T18:00:25
9009736,41,34,2022-02-26,Sutton,Scunthorpe,32,2026-05-27T18:00:25
9009737,41,34,2022-02-26,Swindon,Salford,32,2026-05-27T18:00:25
9009746,43,35,2022-03-04,Mansfield,Exeter,32,2026-05-27T18:00:25
9009748,44,35,2022-03-05,Barrow,Walsall,32,2026-05-27T18:00:25
9009749,42,35,2022-03-05,Bradford,Swindon,32,2026-05-27T18:00:25
9009750,44,35,2022-03-05,Colchester,Port Vale,32,2026-05-27T18:00:25
9009751,44,35,2022-03-05,Crawley Town,Scunthorpe,32,2026-05-27T18:00:25
9009747,44,35,2022-03-05,Harrogate,Hartlepool,32,2026-05-27T18:00:25
9009752,44,35,2022-03-05,Leyton Orient,Stevenage,32,2026-05-27T18:00:25
9009753,44,35,2022-03-05,Newport County,Bristol Rvs,32,2026-05-27T18:00:25
9009754,44,35,2022-03-05,Northampton,Tranmere,32,2026-05-27T18:00:25
9009755,44,35,2022-03-05,Oldham,Carlisle,32,2026-05-27T18:00:25
9009756,43,35,2022-03-05,Salford,Forest Green,32,2026-05-27T18:00:25
9009757,44,35,2022-03-05,Sutton,Rochdale,32,2026-05-27T18:00:25
9009760,45,36,2022-03-11,Tranmere,Mansfield,32,2026-05-27T18:00:25
9009767,45,36,2022-03-12,Rochdale,Barrow,32,2026-05-27T18:00:25
9009761,46,36,2022-03-12,Bristol Rvs,Harrogate,32,2026-05-27T18:00:25
9009762,45,36,2022-03-12,Carlisle,Northampton,32,2026-05-27T18:00:25
9009763,45,36,2022-03-12,Exeter,Salford,32,2026-05-27T18:00:25
9009766,46,36,2022-03-12,Port Vale,Crawley Town,32,2026-05-27T18:00:25
9009769,45,36,2022-03-12,Stevenage,Newport County,32,2026-05-27T18:00:25
9009771,45,36,2022-03-12,Walsall,Sutton,32,2026-05-27T18:00:25
9009764,44,36,2022-03-12,Forest Green,Bradford,32,2026-05-27T18:00:25
9009765,45,36,2022-03-12,Hartlepool,Leyton Orient,32,2026-05-27T18:00:25
9009768,45,36,2022-03-12,Scunthorpe,Colchester,32,2026-05-27T18:00:25
9009770,45,36,2022-03-12,Swindon,Oldham,32,2026-05-27T18:00:25
9009778,46,37,2022-03-15,Rochdale,Salford,32,2026-05-27T18:00:25
9009772,47,37,2022-03-15,Bristol Rvs,Colchester,32,2026-05-27T18:00:25
9009773,46,37,2022-03-15,Carlisle,Newport County,32,2026-05-27T18:00:25
9009774,47,37,2022-03-15,Exeter,Crawley Town,32,2026-05-27T18:00:25
9009777,47,37,2022-03-15,Port Vale,Mansfield,32,2026-05-27T18:00:25
9009780,46,37,2022-03-15,Stevenage,Northampton,32,2026-05-27T18:00:25
9009783,46,37,2022-03-15,Walsall,Oldham,32,2026-05-27T18:00:25
9009775,46,37,2022-03-15,Forest Green,Leyton Orient,32,2026-05-27T18:00:25
9009776,46,37,2022-03-15,Hartlepool,Bradford,32,2026-05-27T18:00:25
9009779,46,37,2022-03-15,Scunthorpe,Barrow,32,2026-05-27T18:00:25
9009781,46,37,2022-03-15,Swindon,Sutton,32,2026-05-27T18:00:25
9009782,47,37,2022-03-15,Tranmere,Harrogate,32,2026-05-27T18:00:25
9009784,47,38,2022-03-18,Newport County,Hartlepool,32,2026-05-27T18:00:25
9009785,47,38,2022-03-19,Barrow,Carlisle,32,2026-05-27T18:00:25
9009786,48,38,2022-03-19,Bradford,Port Vale,32,2026-05-27T18:00:25
9009787,48,38,2022-03-19,Crawley Town,Swindon,32,2026-05-27T18:00:25
9009788,48,38,2022-03-19,Harrogate,Walsall,32,2026-05-27T18:00:25
9009789,47,38,2022-03-19,Leyton Orient,Rochdale,32,2026-05-27T18:00:25
9009790,48,38,2022-03-19,Northampton,Bristol Rvs,32,2026-05-27T18:00:25
9009791,48,38,2022-03-19,Oldham,Exeter,32,2026-05-27T18:00:25
9009792,47,38,2022-03-19,Salford,Scunthorpe,32,2026-05-27T18:00:25
9009793,48,38,2022-03-19,Sutton,Tranmere,32,2026-05-27T18:00:25
9009794,48,38,2022-03-21,Colchester,Forest Green,32,2026-05-27T18:00:25
9009876,58,38,2022-04-26,Mansfield,Stevenage,32,2026-05-27T18:00:25
9009799,49,39,2022-03-26,Bradford,Newport County,32,2026-05-27T18:00:25
9009800,49,39,2022-03-26,Carlisle,Bristol Rvs,32,2026-05-27T18:00:25
9009801,49,39,2022-03-26,Colchester,Tranmere,32,2026-05-27T18:00:25
9009802,49,39,2022-03-26,Crawley Town,Rochdale,32,2026-05-27T18:00:25
9009803,50,39,2022-03-26,Exeter,Stevenage,32,2026-05-27T18:00:25
9009807,50,39,2022-03-26,Port Vale,Sutton,32,2026-05-27T18:00:25
9009804,50,39,2022-03-26,Leyton Orient,Barrow,32,2026-05-27T18:00:25
9009805,49,39,2022-03-26,Northampton,Hartlepool,32,2026-05-27T18:00:25
9009806,50,39,2022-03-26,Oldham,Mansfield,32,2026-05-27T18:00:25
9009808,49,39,2022-03-26,Salford,Walsall,32,2026-05-27T18:00:25
9009809,50,39,2022-03-26,Scunthorpe,Harrogate,32,2026-05-27T18:00:25
9009878,58,39,2022-04-26,Swindon,Forest Green,32,2026-05-27T18:00:25
9009814,51,40,2022-04-02,Barrow,Port Vale,32,2026-05-27T18:00:25
9009821,51,40,2022-04-02,Rochdale,Swindon,32,2026-05-27T18:00:25
9009815,50,40,2022-04-02,Bristol Rvs,Bradford,32,2026-05-27T18:00:25
9009822,52,40,2022-04-02,Stevenage,Oldham,32,2026-05-27T18:00:25
9009824,52,40,2022-04-02,Walsall,Leyton Orient,32,2026-05-27T18:00:25
9009816,51,40,2022-04-02,Forest Green,Scunthorpe,32,2026-05-27T18:00:25
9009817,51,40,2022-04-02,Harrogate,Colchester,32,2026-05-27T18:00:25
9009818,52,40,2022-04-02,Hartlepool,Salford,32,2026-05-27T18:00:25
9009819,52,40,2022-04-02,Mansfield,Northampton,32,2026-05-27T18:00:25
9009820,51,40,2022-04-02,Newport County,Exeter,32,2026-05-27T18:00:25
9009823,51,40,2022-04-02,Tranmere,Carlisle,32,2026-05-27T18:00:25
9009877,58,40,2022-04-26,Sutton,Crawley Town,32,2026-05-27T18:00:25
9009833,53,41,2022-04-09,Rochdale,Walsall,32,2026-05-27T18:00:25
9009827,52,41,2022-04-09,Carlisle,Exeter,32,2026-05-27T18:00:25
9009828,53,41,2022-04-09,Colchester,Stevenage,32,2026-05-27T18:00:25
9009829,52,41,2022-04-09,Crawley Town,Barrow,32,2026-05-27T18:00:25
9009832,54,41,2022-04-09,Port Vale,Oldham,32,2026-05-27T18:00:25
9009830,54,41,2022-04-09,Forest Green,Hartlepool,32,2026-05-27T18:00:25
9009831,53,41,2022-04-09,Northampton,Bradford,32,2026-05-27T18:00:25
9009834,54,41,2022-04-09,Salford,Harrogate,32,2026-05-27T18:00:25
9009835,54,41,2022-04-09,Scunthorpe,Mansfield,32,2026-05-27T18:00:25
9009836,53,41,2022-04-09,Sutton,Leyton Orient,32,2026-05-27T18:00:25
9009837,52,41,2022-04-09,Swindon,Newport County,32,2026-05-27T18:00:25
9009838,52,41,2022-04-09,Tranmere,Bristol Rvs,32,2026-05-27T18:00:25
9009840,55,42,2022-04-15,Barrow,Forest Green,32,2026-05-27T18:00:25
9009841,54,42,2022-04-15,Bradford,Tranmere,32,2026-05-27T18:00:25
9009842,55,42,2022-04-15,Bristol Rvs,Salford,32,2026-05-27T18:00:25
9009839,54,42,2022-04-15,Exeter,Colchester,32,2026-05-27T18:00:25
9009849,54,42,2022-04-15,Stevenage,Rochdale,32,2026-05-27T18:00:25
9009850,54,42,2022-04-15,Walsall,Carlisle,32,2026-05-27T18:00:25
9009843,55,42,2022-04-15,Harrogate,Swindon,32,2026-05-27T18:00:25
9009844,55,42,2022-04-15,Hartlepool,Port Vale,32,2026-05-27T18:00:25
9009845,55,42,2022-04-15,Leyton Orient,Scunthorpe,32,2026-05-27T18:00:25
9009846,55,42,2022-04-15,Mansfield,Sutton,32,2026-05-27T18:00:25
9009847,53,42,2022-04-15,Newport County,Crawley Town,32,2026-05-27T18:00:25
9009848,55,42,2022-04-15,Oldham,Northampton,32,2026-05-27T18:00:25
9009857,56,43,2022-04-18,Rochdale,Hartlepool,32,2026-05-27T18:00:25
9009851,56,43,2022-04-18,Carlisle,Mansfield,32,2026-05-27T18:00:25
9009852,55,43,2022-04-18,Colchester,Bradford,32,2026-05-27T18:00:25
9009853,55,43,2022-04-18,Crawley Town,Walsall,32,2026-05-27T18:00:25
9009856,56,43,2022-04-18,Port Vale,Bristol Rvs,32,2026-05-27T18:00:25
9009854,56,43,2022-04-18,Forest Green,Oldham,32,2026-05-27T18:00:25
9009855,56,43,2022-04-18,Northampton,Harrogate,32,2026-05-27T18:00:25
9009858,56,43,2022-04-18,Salford,Barrow,32,2026-05-27T18:00:25
9009859,56,43,2022-04-18,Scunthorpe,Stevenage,32,2026-05-27T18:00:25
9009860,56,43,2022-04-18,Sutton,Newport County,32,2026-05-27T18:00:25
9009861,56,43,2022-04-18,Swindon,Leyton Orient,32,2026-05-27T18:00:25
9009862,55,43,2022-04-18,Tranmere,Exeter,32,2026-05-27T18:00:25
9009863,57,44,2022-04-22,Newport County,Colchester,32,2026-05-27T18:00:25
9009864,57,44,2022-04-23,Barrow,Sutton,32,2026-05-27T18:00:25
9009865,57,44,2022-04-23,Bradford,Scunthorpe,32,2026-05-27T18:00:25
9009866,57,44,2022-04-23,Bristol Rvs,Forest Green,32,2026-05-27T18:00:25
9009867,57,44,2022-04-23,Exeter,Rochdale,32,2026-05-27T18:00:25
9009873,57,44,2022-04-23,Stevenage,Tranmere,32,2026-05-27T18:00:25
9009874,57,44,2022-04-23,Walsall,Port Vale,32,2026-05-27T18:00:25
9009868,57,44,2022-04-23,Harrogate,Carlisle,32,2026-05-27T18:00:25
9009869,57,44,2022-04-23,Hartlepool,Swindon,32,2026-05-27T18:00:25
9009870,57,44,2022-04-23,Leyton Orient,Northampton,32,2026-05-27T18:00:25
9009871,57,44,2022-04-23,Mansfield,Crawley Town,32,2026-05-27T18:00:25
9009872,57,44,2022-04-23,Oldham,Salford,32,2026-05-27T18:00:25
9009884,58,45,2022-04-30,Rochdale,Bristol Rvs,32,2026-05-27T18:00:25
9009879,59,45,2022-04-30,Carlisle,Stevenage,32,2026-05-27T18:00:25
9009880,58,45,2022-04-30,Colchester,Walsall,32,2026-05-27T18:00:25
9009881,59,45,2022-04-30,Crawley Town,Leyton Orient,32,2026-05-27T18:00:25
9009882,59,45,2022-04-30,Forest Green,Harrogate,32,2026-05-27T18:00:25
9009883,59,45,2022-04-30,Northampton,Exeter,32,2026-05-27T18:00:25
9009885,58,45,2022-04-30,Scunthorpe,Hartlepool,32,2026-05-27T18:00:25
9009886,59,45,2022-04-30,Sutton,Bradford,32,2026-05-27T18:00:25
9009887,59,45,2022-04-30,Swindon,Barrow,32,2026-05-27T18:00:25
9009888,58,45,2022-04-30,Tranmere,Oldham,32,2026-05-27T18:00:25
9009890,58,45,2022-05-02,Port Vale,Newport County,32,2026-05-27T18:00:25
9009889,59,45,2022-05-02,Salford,Mansfield,32,2026-05-27T18:00:25
9009891,60,46,2022-05-07,Barrow,Northampton,32,2026-05-27T18:00:25
9009892,60,46,2022-05-07,Bradford,Carlisle,32,2026-05-27T18:00:25
9009893,59,46,2022-05-07,Bristol Rvs,Scunthorpe,32,2026-05-27T18:00:25
9009894,60,46,2022-05-07,Exeter,Port Vale,32,2026-05-27T18:00:25
9009901,60,46,2022-05-07,Stevenage,Salford,32,2026-05-27T18:00:25
9009902,60,46,2022-05-07,Walsall,Swindon,32,2026-05-27T18:00:25
9009895,60,46,2022-05-07,Harrogate,Sutton,32,2026-05-27T18:00:25
9009896,59,46,2022-05-07,Hartlepool,Colchester,32,2026-05-27T18:00:25
9009897,60,46,2022-05-07,Leyton Orient,Tranmere,32,2026-05-27T18:00:25
9009898,60,46,2022-05-07,Mansfield,Forest Green,32,2026-05-27T18:00:25
9009899,59,46,2022-05-07,Newport County,Rochdale,32,2026-05-27T18:00:25
9009900,60,46,2022-05-07,Oldham,Crawley Town,32,2026-05-27T18:00:25
